Enzan's Brother,1
King's Recruit,1
Poisoning the Pest,2
Cook Assistant,3
Infested Plants,4
The Sewers of Ragni,5
Tunnel Trouble,6
Mushroom Man,6
Underwater,8
Taking the Tower,8
Maltic's Well,11
Elemental Exercise,11
Potion Making,12
Stable Story,13
Arachnids' Ascent,14
Supply and Delivery,16
Lava Springs,18
Pit of the Dead,20
Grave Digger,20
The Dark Descent,21
Dwelling Walls,22
Cluck Cluck,23
Lost Tower,24
Tempo Town Trouble,25
Creeper Infiltration,25
Recover the Past,25
Deja Vu,27
The Corrupted Village,28
Misadventure on the Sea,28
The Mercenary,30
Green Gloop,31
A Sandy Scandal,32
Meaningful Holiday,33
Kingdom of Sand,33
Tribal Aggression,35
WynnExcavation Site A,35
Wrath of the Mummy,36
Canyon Condor,38
Pirate's Trove,39
Clearing the Camps,39
Ice Nations,40
Tower of Ascension,40
Heart of Llevigar,41
Star Thief,42
Fate of the Fallen,43
Underice√Ä,43
Blazing Retribution,44
Bob's Lost Soul,45
WynnExcavation Site B,46
Frost Bite,48
An Iron Heart Part I,49
The House of Twain,49
Rise of the Quartron,49
A Grave Mistake,50
The Maiden Tower,51
Crop Failure,52
Corrupted Betrayal,52
Jungle Fever,52
Master Piece,53
Death Whistle,53
The Shadow of the Beast,54
Realm of Light I - The Worm Holes,54
Zhight Island,55
WynnExcavation Site C,55
The Passage,57
An Iron Heart Part II,58
The Order of the Grook,59
Beneath the Depths,60
Reclaiming the House,61
Redbeard's Booty,61
Lost in the Jungle,62
Realm of Light II - Taproot,62
Out of my Mind,63
All Roads To Peace,64
Realm of Light III - A Headless History,64
Lost Royalty,65
Lost Soles,66
From the Mountains,67
Memory Paranoia,67
Temple of the Legends,68
Grand Youth,69
Lazarus Pit,69
Haven Antiquity,70
WynnExcavation Site D,70
Shattered Minds,70
Realm of Light IV - Finding the Light,71
Forbidden Prison,72
Lexdale Witch Trials,72
Troubled Tribesmen,73
Hollow Serenity,73
Murder Mystery,73
Reincarnation,74
Acquiring Credentials,74
Aldorei's Secret Part I,74
The Ultimate Weapon,75
Flight in Distress,75
The Bigger Picture,76
Hunger of the Gerts Part I,77
Purple and Blue,77
Hunger of the Gerts Part II,78
Aldorei's Secret Part II,78
Realm of Light V - The Realm of Light,79
Fallen Delivery,79
The Qira Hive,80
General's Orders,80
???,80
From the Bottom,81
The Thanos Depository,81
A Marauder's Dues,83
The Envoy Part I,83
The Canyon Guides,84
The Canary Calls,85
The Lost,85
Cowfusion,86
Desperate Metal,86
Mixed Feelings,87
Beyond the Grave,87
The Hidden City,88
Enter the Dojo,89
The Envoy Part II,89
Fantastic Voyage,90
The Feathers Fly Part I,91
Dwarves and Doguns Part I,91
Dwarves and Doguns Part II,92
The Feathers Fly Part II,93
Dwarves and Doguns Part III,93
Dwarves and Doguns Part IV,94
One Thousand Meters Under,95
Recipe For Disaster,96
The Breaking Point,97
Royal Trials,98
The Hero of Gavel,99
The Olmic Rune,100
A Journey Beyond,100
A Journey Further,101
Point of No Return,102
A Hunter's Calling,103
